<?xml version="1.0" encoding="UTF-8"?>
<Window>
	<Default name="VScrollBar" value="button1normalimage=&quot;file='scroll.png' source='0,0,16,16'&quot; button1hotimage=&quot;file='scroll.png' source='0,0,16,16' mask='#FFFF00FF'&quot; button1pushedimage=&quot;file='scroll.png' source='0,16,16,32' mask='#FFFF00FF'&quot; button1disabledimage=&quot;file='scroll.png' source='0,0,16,16' mask='#FFFF00FF'&quot; button2normalimage=&quot;file='scroll.png' source='0,32,16,48' mask='#FFFF00FF'&quot; button2hotimage=&quot;file='scroll.png' source='0,32,16,48' mask='#FFFF00FF'&quot; button2pushedimage=&quot;file='scroll.png' source='0,48,16,64' mask='#FFFF00FF'&quot; button2disabledimage=&quot;file='scroll.png' source='0,32,16,48' mask='#FFFF00FF'&quot; thumbnormalimage=&quot;file='scroll.png' source='0,64,16,80' corner='2,2,2,2' mask='#FFFF00FF'&quot; thumbhotimage=&quot;file='scroll.png' source='0,64,16,80' corner='2,2,2,2' mask='#FFFF00FF'&quot; thumbpushedimage=&quot;ffile='scroll.png' source='0,64,16,80' corner='2,2,2,2' mask='#FFFF00FF'&quot; thumbdisabledimage=&quot;file='scroll.png' source='0,64,16,80' corner='2,2,2,2' mask='#FFFF00FF'&quot; railnormalimage=&quot;file='scroll.png' source='0,80,16,96' corner='2,2,2,2' mask='#FFFF00FF'&quot; railhotimage=&quot;file='scroll.png' source='0,80,16,96' corner='2,2,2,2' mask='#FFFF00FF'&quot; railpushedimage=&quot;file='scroll.png' source='0,96,16,112' corner='2,2,2,2' mask='#FFFF00FF'&quot; raildisabledimage=&quot;file='scroll.png' source='0,80,16,96' corner='2,2,2,2' mask='#FFFF00FF'&quot; bknormalimage=&quot;file='scroll.png' source='0,128,16,146' corner='2,2,2,2' mask='#FFFF00FF'&quot; bkhotimage=&quot;file='scroll.png' source='0,128,16,146' corner='2,2,2,2' mask='#FFFF00FF'&quot; bkpushedimage=&quot;file='scroll.png' source='0,128,16,146' corner='2,2,2,2' mask='#FFFF00FF'&quot; bkdisabledimage=&quot;file='scroll.png' source='0,128,16,146' corner='2,2,2,2' mask='#FFFF00FF'&quot; " />
	<Default name="HScrollBar" value="button1normalimage=&quot;file='hscroll.png' source='0,0,16,16'&quot; button1hotimage=&quot;file='hscroll.png' source='0,0,16,16' mask='#FFFF00FF'&quot; button1pushedimage=&quot;file='hscroll.png' source='16,0,32,16' mask='#FFFF00FF'&quot; button1disabledimage=&quot;file='hscroll.png' source='0,0,16,16' mask='#FFFF00FF'&quot; button2normalimage=&quot;file='hscroll.png' source='32,0,48,16' mask='#FFFF00FF'&quot; button2hotimage=&quot;file='hscroll.png' source='32,0,48,16' mask='#FFFF00FF'&quot; button2pushedimage=&quot;file='hscroll.png' source='48,0,64,16' mask='#FFFF00FF'&quot; button2disabledimage=&quot;file='hscroll.png' source='32,0,48,16' mask='#FFFF00FF'&quot; thumbnormalimage=&quot;file='hscroll.png' source='64,0,80,16' corner='2,2,2,2' mask='#FFFF00FF'&quot; thumbhotimage=&quot;file='hscroll.png' source='64,0,80,16' corner='2,2,2,2' mask='#FFFF00FF'&quot; thumbpushedimage=&quot;ffile='hscroll.png' source='64,0,80,16' corner='2,2,2,2' mask='#FFFF00FF'&quot; thumbdisabledimage=&quot;file='hscroll.png' source='64,0,80,16' corner='2,2,2,2' mask='#FFFF00FF'&quot; railnormalimage=&quot;file='hscroll.png' source='80,0,96,16' corner='2,2,2,2' mask='#FFFF00FF'&quot; railhotimage=&quot;file='hscroll.png' source='80,0,96,16' corner='2,2,2,2' mask='#FFFF00FF'&quot; railpushedimage=&quot;file='hscroll.png' source='96,0,112,16' corner='2,2,2,2' mask='#FFFF00FF'&quot; raildisabledimage=&quot;file='hscroll.png' source='80,0,96,16' corner='2,2,2,2' mask='#FFFF00FF'&quot; bknormalimage=&quot;file='hscroll.png' source='128,0,146,16' corner='2,2,2,2' mask='#FFFF00FF'&quot; bkhotimage=&quot;file='hscroll.png' source='128,0,146,16' corner='2,2,2,2' mask='#FFFF00FF'&quot; bkpushedimage=&quot;file='hscroll.png' source='128,0,146,16' corner='2,2,2,2' mask='#FFFF00FF'&quot; bkdisabledimage=&quot;file='hscroll.png' source='128,0,146,16' corner='2,2,2,2' mask='#FFFF00FF'&quot; " />
 	<VerticalLayout>
		<VerticalLayout bkcolor="#FFFFFFFF" sepheight="6" sepimm="true" minheight="200"  height="400" inset="0,0,0,5">
			<List name="ProcessList" bkcolor="#FFFFFFFF" inset="0,0,0,0" itemshowhtml="true" vscrollbar="true" hscrollbar="true" headerbkimage="file='list_header_bg.png'" itemalign="left" itemaltbk="true" menu="true">
				<ListHeader height="24" menu="true">
					<ListHeaderItem text="进程名" font="1" width="180" hotimage="file='list_header_hot.png'" pushedimage="file='list_header_pushed.png'" sepimage="file='list_header_sep.png'" sepwidth="1"/>
					<ListHeaderItem text="进程ID" font="1" width="80" hotimage="file='list_header_hot.png'" pushedimage="file='list_header_pushed.png'" sepimage="file='list_header_sep.png'" sepwidth="1"/>
					<ListHeaderItem text="父进程ID" font="1" width="80" hotimage="file='list_header_hot.png'" pushedimage="file='list_header_pushed.png'" sepimage="file='list_header_sep.png'" sepwidth="1"/>
					<ListHeaderItem text="进程路径" font="1" width="450" hotimage="file='list_header_hot.png'" pushedimage="file='list_header_pushed.png'" sepimage="file='list_header_sep.png'" sepwidth="1"/>
					<ListHeaderItem text="EPROCESS" font="1" width="130" hotimage="file='list_header_hot.png'" pushedimage="file='list_header_pushed.png'" sepimage="file='list_header_sep.png'" sepwidth="1"/>
					<ListHeaderItem text="r3访问权限" font="1" width="80" hotimage="file='list_header_hot.png'" pushedimage="file='list_header_pushed.png'" sepimage="file='list_header_sep.png'" sepwidth="1"/>
				</ListHeader>
			</List>
		</VerticalLayout>
		<HorizontalLayout height="2" >
			<Control width="1"/>
				<HorizontalLayout bkcolor="#FFF0F0F0"></HorizontalLayout>
			<Control width="1"/>
		</HorizontalLayout>
		<HorizontalLayout height="1">
			<Control width="1"/>
				<HorizontalLayout bkcolor="#FFAAAAAA"></HorizontalLayout>
			<Control width="1"/>
		</HorizontalLayout>
		<HorizontalLayout height="20">
			<Control width="10"/>
				<Label text="模块列表" bkcolor="#FFF0F0F0" textcolor="#FF386382" font="1"/>
			<Control width="1"/>
		</HorizontalLayout>
		<VerticalLayout bkcolor="#FFAAAAAA">
			<TabLayout name="procSubSwitch">
				<List name="moduleList" bkcolor="#FFFFFFFF" inset="0,0,0,0" itemshowhtml="true" vscrollbar="true" hscrollbar="true" headerbkimage="file='list_header_bg.png'" itemalign="left" itemaltbk="true" menu="true">
					<ListHeader height="24" menu="true">
						<ListHeaderItem text="名称" font="1" width="150" hotimage="file='list_header_hot.png'" pushedimage="file='list_header_pushed.png'" sepimage="file='list_header_sep.png'" sepwidth="1"/>
						<ListHeaderItem text="基址" font="1" width="200" hotimage="file='list_header_hot.png'" pushedimage="file='list_header_pushed.png'" sepimage="file='list_header_sep.png'" sepwidth="1"/>
						<ListHeaderItem text="大小" font="1" width="120" hotimage="file='list_header_hot.png'" pushedimage="file='list_header_pushed.png'" sepimage="file='list_header_sep.png'" sepwidth="1"/>
						<ListHeaderItem text="路径" font="1" width="450" hotimage="file='list_header_hot.png'" pushedimage="file='list_header_pushed.png'" sepimage="file='list_header_sep.png'" sepwidth="1"/>
					</ListHeader>
				</List>
				<List name="handleList" bkcolor="#FFFFFFFF" inset="0,0,0,0" itemshowhtml="true" vscrollbar="true" hscrollbar="true" headerbkimage="file='list_header_bg.png'" itemalign="left" itemaltbk="true" menu="true">
					<ListHeader height="24" menu="true">
						<ListHeaderItem text="类型" font="1" width="180" hotimage="file='list_header_hot.png'" pushedimage="file='list_header_pushed.png'" sepimage="file='list_header_sep.png'" sepwidth="1"/>
						<ListHeaderItem text="值" font="1" width="80" hotimage="file='list_header_hot.png'" pushedimage="file='list_header_pushed.png'" sepimage="file='list_header_sep.png'" sepwidth="1"/>
						<ListHeaderItem text="地址" font="1" width="200" hotimage="file='list_header_hot.png'" pushedimage="file='list_header_pushed.png'" sepimage="file='list_header_sep.png'" sepwidth="1"/>
						<ListHeaderItem text="名称" font="1" width="450" hotimage="file='list_header_hot.png'" pushedimage="file='list_header_pushed.png'" sepimage="file='list_header_sep.png'" sepwidth="1"/>
						<ListHeaderItem text="访问权限" font="1" width="130" hotimage="file='list_header_hot.png'" pushedimage="file='list_header_pushed.png'" sepimage="file='list_header_sep.png'" sepwidth="1"/>
					</ListHeader>
				</List>
				<List name="memList" bkcolor="#FFFFFFFF" inset="0,0,0,0" itemshowhtml="true" vscrollbar="true" hscrollbar="true" headerbkimage="file='list_header_bg.png'" itemalign="left" itemaltbk="true" menu="true">
					<ListHeader height="24" menu="true">
						<ListHeaderItem text="地址" font="1" width="200" hotimage="file='list_header_hot.png'" pushedimage="file='list_header_pushed.png'" sepimage="file='list_header_sep.png'" sepwidth="1"/>
						<ListHeaderItem text="大小" font="1" width="100" hotimage="file='list_header_hot.png'" pushedimage="file='list_header_pushed.png'" sepimage="file='list_header_sep.png'" sepwidth="1"/>
						<ListHeaderItem text="属性" font="1" width="200" hotimage="file='list_header_hot.png'" pushedimage="file='list_header_pushed.png'" sepimage="file='list_header_sep.png'" sepwidth="1"/>
						<ListHeaderItem text="状态" font="1" width="120" hotimage="file='list_header_hot.png'" pushedimage="file='list_header_pushed.png'" sepimage="file='list_header_sep.png'" sepwidth="1"/>
						<ListHeaderItem text="类型" font="1" width="120" hotimage="file='list_header_hot.png'" pushedimage="file='list_header_pushed.png'" sepimage="file='list_header_sep.png'" sepwidth="1"/>
						<ListHeaderItem text="基址" font="1" width="100" hotimage="file='list_header_hot.png'" pushedimage="file='list_header_pushed.png'" sepimage="file='list_header_sep.png'" sepwidth="1"/>
						<ListHeaderItem text="所属模块" font="1" width="450" hotimage="file='list_header_hot.png'" pushedimage="file='list_header_pushed.png'" sepimage="file='list_header_sep.png'" sepwidth="1"/>
					</ListHeader>
				</List>
			</TabLayout>
		</VerticalLayout>

		<HorizontalLayout height="20" bkcolor="#FFF0F0F0">
			<Option width="70" text="模块列表" name="moduleOpt" textcolor="#FF386382" font="2" normalimage="tabbar_normal.png" hotimage="tabbar_hover.png" pushedimage="tabbar_pushed.png" selectedimage="tabbar_pushed.png" group="subtab" selected="true" />
			<Option width="70" text="句柄列表" name="handleOpt" textcolor="#FF386382" font="2" normalimage="tabbar_normal.png" hotimage="tabbar_hover.png" pushedimage="tabbar_pushed.png" selectedimage="tabbar_pushed.png" group="subtab" />
			<Option width="70" text="内存列表" name="memOpt" textcolor="#FF386382" font="2" normalimage="tabbar_normal.png" hotimage="tabbar_hover.png" pushedimage="tabbar_pushed.png" selectedimage="tabbar_pushed.png" group="subtab" />
		</HorizontalLayout>
	</VerticalLayout>
</Window>

