<?xml version="1.0" encoding="UTF-8"?>
<Window size="250,100" sizebox="4,4,6,6" roundcorner="5,5">
	<Font id="1" name="宋体" size="12" />
	<VerticalLayout inset="20,20,20,20" bordersize="2" bordercolor="#FFE0E0E0" bkcolor="#FFFFFFFF" >
		<HorizontalLayout height="25">
			<Label text="文件名" width="50" font="1"/>
			<Edit name="nameEdit"  bordercolor="#FF4EA0D1" bordersize="1"/>
		</HorizontalLayout>
		<Control />
		<HorizontalLayout height="25" inset="30,0,0,0">
			<Button name="saveBtn" width="70" text="保存" normalimage="button.png" hotimage="button.png" pushedimage="button_down.png"/>
			<Control width="20" />
			<Button name="cancelBtn" width="70" text="取消" normalimage="button.png" hotimage="button.png" pushedimage="button_down.png"/>
		</HorizontalLayout>

<!-- 
		<Control height="60" bkcolor="#FFFF0000" />
		<Progress height="10" bkcolor="#FFF8B343" />
		<Container bkcolor="#FFFFFFFF" >
			<Label text="账号：" float="true" pos="10, 20, 78, 42" />
			<Combo name="accountcombo" float="true" pos="80, 20, 220, 42" tooltip="请点击这里选择您准备使用的账号" normalimage="file='Combo_nor.bmp' corner='2,2,24,2'" hotimage="file='Combo_over.bmp' corner='2,2,24,2'" pushedimage="file='Combo_over.bmp' corner='2,2,24,2'" textpadding="1,1,1,1" >
				<ListLabelElement text="张三" selected="true" />
				<ListLabelElement text="李四" />
			</Combo>
			<Button text="{u}注册账号{/u}" showhtml="true" float="true" pos="230, 20, 300, 42" tooltip="如果你还没有账号，请点击注册一个账号" />
			<Edit name="accountedit" float="true" pos="81, 21, 199, 41" tooltip="请在这里输入您的账号"/>
			<Label text="密码：" float="true" pos="10, 55, 78, 75" />
			<Edit name="pwdedit" float="true" pos="80, 55, 220, 75" password="true" tooltip="请在这里输入您的密码" bordercolor="#FF4EA0D1" bordersize="1"/>
			<Button text="{u}{l}找回密码{/l}{/u}" showhtml="true" float="true" pos="230, 55, 300, 75" tooltip="如果你忘记了密码，请点击找回密码"/>
			<Button name="SettingBtn" text="设置" float="true" pos="66, 90, 126, 110" tooltip="Use English Language" normalimage="button_nor.bmp" hotimage="button_over.bmp" pushedimage="button_down.bmp" />
			<Button name="loginBtn" text="登录" float="true" pos="186, 90, 246, 110" tooltip="点击这里登录游戏" normalimage="button_nor.bmp" hotimage="button_over.bmp" pushedimage="button_down.bmp" />
		</Container> -->
    </VerticalLayout>
</Window>